Year,TotalDistance,WorstUnmetDemand
2023,6.685607419572197e6,191268.1914113862
2024,6.613054967328906e6,729219.0559250804
2025,7.18893275172211e6,495528.11682838
