Year,TotalDistance,WorstUnmetDemand
2023,1.5605465258920523e6,2.882998136e6
2024,1.5280659267847002e6,4.27814874096381e6
2025,7.18893275172211e6,495528.11682838
