scenario,total_demand,total_received,total_unmet,worst_unmet
2023,4.261486757112e7,3.729225025921673e7,5.322617311903268e6,182181.59888858732
2024,5.906519803142089e7,3.7292250259216726e7,2.1772947772204164e7,731831.0236852167
2025,5.0759264612963565e7,3.729225025921674e7,1.346701435374683e7,648459.2076632918
