scenario,total_demand,total_received,total_unmet,worst_unmet
2023,4.261486757112e7,1.6034409875006376e7,2.6580457696113624e7,2.882998136e6
2024,5.906519803142089e7,1.6034409875006378e7,4.303078815641451e7,3.62417679513963e6
2025,5.0759264612963565e7,1.6034409875006378e7,3.472485473795719e7,1.5225093731528427e6
