scenario,total_demand,total_received,total_unmet,worst_unmet
2023,4.261486757112e7,3.729225025921672e7,5.322617311903272e6,139851.0351258923
2024,5.906519803142089e7,3.7292250259216726e7,2.1772947772204157e7,598220.2183892254
2025,5.0759264612963565e7,3.729225025921674e7,1.3467014353746835e7,512591.69042771455
