scenario,total_demand,total_received,total_unmet,worst_unmet
2023,4.261486757112e7,3.729225025921673e7,5.32261731190327e6,193861.5888233304
2024,5.906519803142089e7,3.7292250259216726e7,2.1772947772204164e7,1.5467214663388894e6
2025,5.0759264612963565e7,3.729225025921673e7,1.3467014353746831e7,389508.7694088746
